{"cameraMode":{"drawMode":0,"name":"Shaded","section":"Shading Mode"},"sceneLighting":false,"audioPlay":false,"sceneViewState":{"m_AlwaysRefresh":false,"showFog":true,"showSkybox":false,"showFlares":true,"showImageEffects":true,"showParticleSystems":true,"showVisualEffectGraphs":true,"m_FxEnabled":false},"in2DMode":false,"pivot":{"x":0.06762775778770447,"y":-0.0006356090307235718,"z":0.09900468587875366},"rotation":{"x":0.5170338153839111,"y":0.229818657040596,"z":-0.1464383602142334,"w":0.8114448189735413},"size":0.8941154479980469,"orthographic":false}