{"cameraMode":{"drawMode":0,"name":"Shaded","section":"Shading Mode"},"sceneLighting":true,"audioPlay":false,"sceneViewState":{"m_AlwaysRefresh":false,"showFog":true,"showSkybox":true,"showFlares":true,"showImageEffects":true,"showParticleSystems":true,"showVisualEffectGraphs":true,"m_FxEnabled":false},"in2DMode":false,"pivot":{"x":-7.130058765411377,"y":12.796476364135743,"z":13.967764854431153},"rotation":{"x":0.00037836944102309644,"y":-0.9767125248908997,"z":0.21462884545326234,"w":0.0017513319617137313},"size":6.900107383728027,"orthographic":false}