{"cameraMode":{"drawMode":0,"name":"Shaded","section":"Shading Mode"},"sceneLighting":false,"audioPlay":false,"sceneViewState":{"m_AlwaysRefresh":false,"showFog":true,"showSkybox":false,"showFlares":true,"showImageEffects":true,"showParticleSystems":true,"showVisualEffectGraphs":true,"m_FxEnabled":false},"in2DMode":false,"pivot":{"x":-0.692704439163208,"y":1.7931617498397828,"z":-0.6988959312438965},"rotation":{"x":0.027288533747196199,"y":-0.9692158102989197,"z":0.12603415548801423,"w":0.20991751551628114},"size":1.9125988483428956,"orthographic":false}