{"cameraMode":{"drawMode":0,"name":"Shaded","section":"Shading Mode"},"sceneLighting":false,"audioPlay":false,"sceneViewState":{"m_AlwaysRefresh":false,"showFog":true,"showSkybox":false,"showFlares":true,"showImageEffects":true,"showParticleSystems":true,"showVisualEffectGraphs":true,"m_FxEnabled":false},"in2DMode":false,"pivot":{"x":-37.72111129760742,"y":4.6037983894348148,"z":35.25615692138672},"rotation":{"x":0.10726089030504227,"y":-0.8507148027420044,"z":0.19096064567565919,"w":0.47785910964012148},"size":0.7985776662826538,"orthographic":false}