{"cameraMode":{"drawMode":0,"name":"Shaded","section":"Shading Mode"},"sceneLighting":false,"audioPlay":false,"sceneViewState":{"m_AlwaysRefresh":false,"showFog":true,"showSkybox":false,"showFlares":true,"showImageEffects":true,"showParticleSystems":true,"showVisualEffectGraphs":true,"m_FxEnabled":false},"in2DMode":false,"pivot":{"x":200.7380828857422,"y":180.50567626953126,"z":-25.765174865722658},"rotation":{"x":0.16513988375663758,"y":0.10304933786392212,"z":-0.017305921763181688,"w":0.9807628393173218},"size":1.5120348930358887,"orthographic":false}